{"stats":{"minecraft:mined":{"supplementaries:book_pile_horizontal":1,"minecraft:torch":1,"minecraft:grass_block":3,"immersive_weathering:sandy_dirt":1,"minecraft:green_concrete_powder":1,"minecraft:chest":2,"minecraft:oak_planks":4,"minecraft:wall_torch":1,"minecraft:spawner":1,"minecraft:hay_block":1,"minecraft:birch_log":6,"minecraft:birch_leaves":3,"minecraft:pumpkin":1,"minecraft:bookshelf":2,"minecraft:oak_log":3,"minecraft:iron_bars":6,"minecraft:green_wool":1},"minecraft:killed":{"luminousworld:spring_azure":2,"difficult_spawners:evil_spirit":6,"luminousworld:treant":2},"minecraft:used":{"relics:relic_experience_bottle":6,"minecraft:iron_bars":3,"minecraft:baked_potato":1,"minecraft:oak_planks":9,"minecraft:chest":2,"minecraft:wooden_pickaxe":13,"immersive_weathering:sandy_dirt":1,"minecraft:torch":15,"minecraft:dirt":3,"minecraft:crafting_table":1,"minecraft:book":1,"minecraft:wooden_axe":30,"minecraft:bricks":1,"minecraft:bread":1,"minecraft:green_wool":1,"minecraft:polished_granite":10,"minecraft:green_concrete_powder":1,"minecraft:potato":1},"minecraft:killed_by":{"rotted:adventurer":1,"minecraft:skeleton":1},"minecraft:dropped":{"minecraft:stone_hoe":1,"minecraft:iron_sword":2,"minecraft:stone_axe":2,"minecraft:netherite_pickaxe":1,"minecraft:netherite_hoe":1,"minecraft:diamond_axe":1,"minecraft:stone_sword":2,"minecraft:golden_pickaxe":1,"minecraft:diamond_hoe":1,"minecraft:netherite_sword":2,"minecraft:netherite_axe":1,"minecraft:stone_shovel":1,"minecraft:golden_axe":1,"minecraft:iron_hoe":1,"minecraft:netherite_shovel":1,"minecraft:diamond_shovel":1,"minecraft:golden_shovel":1,"minecraft:diamond_sword":2,"minecraft:shield":1,"minecraft:trident":1,"minecraft:wooden_hoe":1,"minecraft:diamond_pickaxe":1,"minecraft:wooden_axe":1,"minecraft:wooden_shovel":1,"minecraft:golden_sword":2,"minecraft:wooden_sword":1,"minecraft:golden_hoe":1,"minecraft:iron_axe":1,"minecraft:stone_pickaxe":1,"minecraft:wooden_pickaxe":1,"minecraft:iron_pickaxe":1,"minecraft:iron_shovel":1},"minecraft:picked_up":{"minecraft:wooden_axe":1,"minecraft:birch_log":6,"minecraft:wheat":2,"minecraft:oxidized_copper":3,"minecraft:leather":8,"minecraft:golden_pickaxe":1,"minecraft:green_concrete_powder":1,"minecraft:diamond_sword":2,"immersive_weathering:sandy_dirt":1,"minecraft:wooden_pickaxe":1,"minecraft:oak_stairs":5,"minecraft:potato":2,"enigmaticlegacy:tattered_tome":2,"minecraft:golden_shovel":1,"minecraft:gunpowder":6,"minecraft:oak_log":6,"luminousworld:tree_ant_trophy":1,"minecraft:shield":1,"minecraft:golden_sword":2,"minecraft:wooden_hoe":1,"minecraft:string":9,"minecraft:dirt":10,"enigmaticlegacy:common_potion":1,"minecraft:iron_axe":1,"minecraft:wooden_sword":1,"minecraft:compass":1,"minecraft:iron_shovel":1,"minecraft:leather_boots":1,"minecraft:bone":11,"minecraft:stone_bricks":1,"minecraft:cracked_stone_bricks":1,"minecraft:netherite_sword":2,"tarotcards:the_hierophant":1,"minecraft:stone_pickaxe":1,"minecraft:netherite_axe":1,"minecraft:mossy_stone_bricks":1,"minecraft:wooden_shovel":1,"tarotcards:the_chariot":1,"minecraft:iron_pickaxe":1,"minecraft:oxidized_cut_copper":2,"minecraft:stone_hoe":1,"minecraft:chest":2,"minecraft:iron_sword":3,"minecraft:oak_planks":4,"minecraft:diamond_hoe":1,"minecraft:book":7,"minecraft:stick":6,"minecraft:music_disc_13":1,"minecraft:pumpkin":1,"minecraft:torch":2,"minecraft:bowl":3,"minecraft:netherite_shovel":1,"minecraft:golden_axe":1,"minecraft:trident":1,"minecraft:carrot":10,"minecraft:redstone":1,"minecraft:netherite_pickaxe":1,"minecraft:rotten_flesh":7,"collectorsalbum:epic_card_package":1,"minecraft:iron_hoe":1,"minecraft:diamond_shovel":1,"minecraft:stone_sword":2,"minecraft:arrow":4,"minecraft:stone_shovel":1,"minecraft:stone_axe":2,"minecraft:golden_hoe":1,"minecraft:hay_block":1,"minecraft:diamond_axe":1,"minecraft:golden_apple":1,"minecraft:green_wool":1,"minecraft:oak_sapling":1,"minecraft:netherite_hoe":1,"minecraft:coal":3,"minecraft:iron_bars":6,"minecraft:cobblestone":5,"minecraft:diamond_pickaxe":1},"minecraft:crafted":{"minecraft:oak_planks":12,"minecraft:crafting_table":1,"minecraft:wooden_pickaxe":1,"minecraft:birch_planks":24,"minecraft:stick":4,"minecraft:wooden_axe":1,"minecraft:torch":4},"minecraft:custom":{"enigmaticlegacy:play_time_with_seven_curses":0,"minecraft:mob_kills":5,"enigmaticlegacy:play_time_without_seven_curses":145328,"minecraft:interact_with_crafting_table":3,"minecraft:open_barrel":5,"minecraft:leave_game":1,"minecraft:time_since_death":119673,"minecraft:time_since_rest":119699,"minecraft:sprint_one_cm":106055,"minecraft:damage_taken":767,"minecraft:walk_one_cm":112712,"minecraft:drop":38,"minecraft:damage_dealt":1979,"minecraft:swim_one_cm":4207,"minecraft:talked_to_villager":2,"minecraft:fly_one_cm":286833,"minecraft:open_chest":11,"minecraft:crouch_one_cm":465,"minecraft:play_time":145378,"minecraft:deaths":2,"minecraft:sneak_time":398,"minecraft:walk_under_water_one_cm":95,"minecraft:jump":958,"minecraft:walk_on_water_one_cm":146,"minecraft:total_world_time":145378,"minecraft:fall_one_cm":4915}},"DataVersion":3465}