{"stats":{"minecraft:used":{"minecraft:calcite":1,"minecraft:dark_oak_log":61,"minecraft:villager_spawn_egg":1,"minecraft:dark_oak_slab":2},"minecraft:dropped":{"supplementaries:ash":1,"minecraft:emerald_block":1,"minecraft:diamond_block":1,"minecraft:gunpowder":1,"minecraft:spider_eye":1,"minecraft:amethyst_shard":1,"minecraft:phantom_membrane":1,"minecraft:nautilus_shell":1,"minecraft:tropical_fish":1,"minecraft:redstone_block":1,"minecraft:bone":1,"minecraft:pufferfish":1,"minecraft:gold_block":1},"minecraft:picked_up":{"minecraft:nautilus_shell":1,"minecraft:fishing_rod":1,"minecraft:salmon":1,"minecraft:bowl":1,"collectorsalbum:rare_card_package":1,"minecraft:name_tag":1,"minecraft:pufferfish":2,"minecraft:rotten_flesh":1,"supplementaries:ash":1,"minecraft:cod":3},"minecraft:crafted":{"minecraft:crossbow":12,"minecraft:emerald":16,"minecraft:air":0},"minecraft:custom":{"minecraft:time_since_rest":195118,"enigmaticlegacy:play_time_with_seven_curses":0,"minecraft:sprint_one_cm":8036,"minecraft:walk_one_cm":87109,"minecraft:drop":13,"minecraft:traded_with_villager":28,"enigmaticlegacy:play_time_without_seven_curses":195118,"minecraft:talked_to_villager":11,"minecraft:fly_one_cm":37833,"minecraft:open_barrel":2,"minecraft:open_chest":5,"minecraft:crouch_one_cm":5458,"minecraft:play_time":195118,"minecraft:sneak_time":1385,"minecraft:walk_under_water_one_cm":3650,"minecraft:jump":719,"minecraft:leave_game":3,"minecraft:walk_on_water_one_cm":1882,"minecraft:time_since_death":195118,"minecraft:total_world_time":195118,"minecraft:fall_one_cm":209}},"DataVersion":3465}