{"stats":{"minecraft:used":{"cataclysm:khopesh":25,"minecraft:chest":1,"minecraft:fletching_table":3,"minecraft:dark_oak_log":83,"minecraft:lantern":5,"rotted:shielder_spawn_egg":2,"duckensinvasion:ward":2,"supplementaries:statue":1},"minecraft:killed":{"rotted:shielder":4,"minecraft:guardian":2},"minecraft:dropped":{"relics:relic_experience_bottle":1,"relics:hunter_belt":1,"relics:drowned_belt":1,"relics:chorus_inhibitor":2,"relics:ice_breaker":1,"minecraft:experience_bottle":64,"relics:ice_skates":1,"relics:jellyfish_necklace":1,"relics:infinity_ham":1,"relics:midnight_robe":1,"relics:enders_hand":1,"relics:space_dissector":1,"relics:horse_flute":1,"relics:reflection_necklace":1,"relics:blazing_flask":2,"enigmaticlegacy:cursed_ring":1,"relics:bastion_ring":1,"relics:leather_belt":1,"relics:magic_mirror":1,"relics:roller_skates":1,"relics:holy_locket":1,"relics:aqua_walker":3,"relics:amphibian_boot":4,"relics:arrow_quiver":2,"relics:elytra_booster":1,"relics:researching_table":1,"relics:magma_walker":1,"relics:spatial_sign":1,"relics:rage_glove":1},"minecraft:killed_by":{"rotted:adventurer":1,"minecraft:drowned":1},"minecraft:picked_up":{"minecraft:nautilus_shell":1,"relics:roller_skates":1,"relics:ice_skates":1,"minecraft:redstone_block":1,"relics:holy_locket":1,"minecraft:prismarine_shard":2,"minecraft:gold_block":1,"relics:amphibian_boot":4,"relics:jellyfish_necklace":1,"minecraft:gunpowder":1,"relics:midnight_robe":1,"minecraft:paper":22,"relics:leather_belt":1,"relics:magic_mirror":1,"relics:enders_hand":1,"minecraft:bone":1,"minecraft:pufferfish":1,"minecraft:experience_bottle":64,"relics:infinity_ham":1,"minecraft:phantom_membrane":1,"relics:blazing_flask":2,"relics:drowned_belt":1,"relics:ice_breaker":1,"relics:bastion_ring":1,"relics:elytra_booster":1,"relics:magma_walker":1,"minecraft:emerald_block":1,"relics:relic_experience_bottle":1,"relics:hunter_belt":1,"relics:rage_glove":1,"minecraft:amethyst_shard":1,"minecraft:trident":1,"minecraft:diamond_block":1,"minecraft:spider_eye":1,"minecraft:prismarine_crystals":5,"enigmaticlegacy:cursed_ring":1,"minecraft:tropical_fish":1,"relics:horse_flute":1,"relics:spatial_sign":1,"relics:arrow_quiver":2,"relics:researching_table":1,"relics:aqua_walker":3,"supplementaries:ash":2,"relics:chorus_inhibitor":2,"relics:reflection_necklace":1,"relics:space_dissector":1,"minecraft:cod":2},"minecraft:crafted":{"minecraft:emerald":12,"minecraft:air":0},"minecraft:custom":{"enigmaticlegacy:play_time_with_seven_curses":33177,"minecraft:mob_kills":3,"enigmaticlegacy:play_time_without_seven_curses":124891,"minecraft:traded_with_villager":12,"minecraft:open_barrel":5,"minecraft:leave_game":3,"minecraft:time_since_death":155762,"minecraft:time_since_rest":155791,"minecraft:sprint_one_cm":48529,"minecraft:damage_taken":639,"minecraft:walk_one_cm":60156,"minecraft:drop":37,"minecraft:damage_dealt":1211,"minecraft:swim_one_cm":11243,"minecraft:talked_to_villager":16,"minecraft:fly_one_cm":88032,"minecraft:open_chest":2,"minecraft:crouch_one_cm":573,"minecraft:play_time":158147,"minecraft:deaths":2,"minecraft:sneak_time":519,"minecraft:walk_under_water_one_cm":42427,"minecraft:jump":608,"minecraft:walk_on_water_one_cm":7869,"minecraft:total_world_time":158147,"minecraft:fall_one_cm":2798}},"DataVersion":3465}