{"stats":{"minecraft:used":{"ecologics:coconut_slice":1,"minecraft:torch":2,"minecraft:red_carpet":1,"minecraft:gray_stained_glass_pane":2,"minecraft:spruce_planks":1,"alexscaves:spawn_egg_nucleeper":1,"minecraft:book":1},"minecraft:dropped":{"ecologics:coconut_husk":1},"minecraft:picked_up":{"minecraft:stick":5,"ecologics:coconut_slice":22,"minecraft:diamond":1,"minecraft:iron_ingot":3,"minecraft:iron_nugget":5},"minecraft:custom":{"minecraft:open_barrel":13,"minecraft:time_since_rest":21235,"minecraft:open_chest":26,"enigmaticlegacy:play_time_with_seven_curses":0,"minecraft:crouch_one_cm":187,"minecraft:play_time":21235,"minecraft:sprint_one_cm":30803,"minecraft:walk_one_cm":33497,"minecraft:sneak_time":758,"minecraft:drop":1,"minecraft:jump":261,"minecraft:damage_dealt":170,"minecraft:time_since_death":21235,"minecraft:walk_on_water_one_cm":81,"minecraft:total_world_time":21235,"enigmaticlegacy:play_time_without_seven_curses":21235,"minecraft:climb_one_cm":1963,"minecraft:fall_one_cm":3520,"minecraft:fly_one_cm":294442}},"DataVersion":3465}