{"stats":{"minecraft:used":{"rotted:visceric_knife":12,"alexscaves:spawn_egg_atlatitan":1,"minecraft:flint_and_steel":1,"alexscaves:spawn_egg_tremorzilla":1,"minecraft:netherite_chestplate":1,"alexscaves:spawn_egg_luxtructosaurus":1,"alexscaves:spawn_egg_relicheirus":1,"minecraft:spruce_planks":1,"alexscaves:spawn_egg_vallumraptor":4,"alexscaves:spawn_egg_subterranodon":1,"celestisynth:aquaflora":16,"minecraft:torch":2,"rotted:miner_spawn_egg":1,"valhelsia_structures:red_sleeping_bag":1,"minecraft:netherite_leggings":1,"valhelsia_structures:dungeon_door":1,"rotted:marine_spawn_egg":1,"minecraft:netherite_helmet":1,"rotted:doctor_spawn_egg":1,"alexscaves:spawn_egg_nucleeper":1,"minecraft:book":1,"alexscaves:spawn_egg_trilocaris":1,"alexscaves:spawn_egg_tremorsaurus":1,"minecraft:gray_stained_glass_pane":2,"rotted:farmer_spawn_egg":1,"valhelsia_structures:explorers_tent":2,"rotted:shielder_spawn_egg":1,"rotted:flusk_spawn_egg":1,"valhelsia_structures:oak_post":4,"alexscaves:spawn_egg_grottoceratops":1,"rotted:adventurer_spawn_egg":1,"minecraft:netherite_boots":1,"ecologics:coconut_slice":1,"hs_bosses:sand_sword_test":100,"minecraft:red_carpet":1,"valhelsia_structures:lapidified_jungle_planks":16,"alexscaves:nuclear_bomb":1,"celestisynth:frostbound":41,"valhelsia_structures:brazier":2},"minecraft:killed":{"duckensinvasion:docile_footsoldier":12,"duckensinvasion:docile_armoured_duck":4,"duckensinvasion:docile_archer":12,"duckensinvasion:docileg_reatsword":10,"alexscaves:luxtructosaurus":2},"minecraft:dropped":{"collectorsalbum:common_azure_bluet_card":1,"ecologics:coconut_husk":1,"minecraft:beef":1,"hs_bosses:sand_sword_test":1},"minecraft:picked_up":{"luminousworld:groundpebbles_1":1,"valhelsia_structures:red_sleeping_bag":2,"minecraft:feather":7,"minecraft:golden_carrot":1,"minecraft:clay_ball":28,"luminousworld:ishstone":7,"immersive_weathering:sandy_dirt":7,"minecraft:potato":1,"minecraft:flint":1,"alexscaves:tectonic_shard":5,"quark:limestone":4,"minecraft:dirt":3,"collectorsalbum:mythical_card_package":1,"alexscaves:dinosaur_chop":4,"minecraft:apple":1,"minecraft:beetroot":1,"minecraft:kelp":1,"collectorsalbum:common_azure_bluet_card":1,"minecraft:iron_ingot":3,"minecraft:beef":1,"minecraft:iron_nugget":5,"minecraft:enchanted_golden_apple":1,"minecraft:melon_slice":1,"ecologics:crab_claw":2,"minecraft:stick":5,"minecraft:sandstone":295,"ecologics:coconut_slice":24,"minecraft:poisonous_potato":1,"minecraft:gravel":3,"alexscaves:heavy_bone":11,"minecraft:sand":210,"minecraft:dried_kelp":1,"minecraft:diorite":16,"minecraft:carrot":1,"collectorsalbum:rare_card_package":1,"minecraft:mossy_cobblestone":1,"minecraft:diamond":1,"minecraft:tropical_fish":1,"wildernature:pelican_meat":6,"ecologics:coconut_log":5,"minecraft:granite":65,"minecraft:bone_meal":2,"minecraft:golden_apple":1,"minecraft:baked_potato":1,"minecraft:chorus_fruit":1,"minecraft:coal":4,"minecraft:cod":15,"collectorsalbum:common_card_package":5,"minecraft:cobblestone":813},"minecraft:custom":{"enigmaticlegacy:play_time_with_seven_curses":0,"minecraft:mob_kills":20,"enigmaticlegacy:play_time_without_seven_curses":45113,"minecraft:open_barrel":13,"minecraft:time_since_death":12688,"minecraft:climb_one_cm":1963,"minecraft:time_since_rest":12810,"minecraft:sprint_one_cm":40838,"minecraft:damage_taken":472,"minecraft:walk_one_cm":81586,"minecraft:drop":4,"minecraft:damage_dealt":10149,"minecraft:fly_one_cm":411471,"minecraft:open_chest":26,"minecraft:crouch_one_cm":311,"minecraft:play_time":45235,"minecraft:deaths":1,"minecraft:sneak_time":1163,"minecraft:walk_under_water_one_cm":1559,"minecraft:jump":520,"minecraft:walk_on_water_one_cm":2551,"minecraft:total_world_time":45235,"minecraft:fall_one_cm":5008}},"DataVersion":3465}