{"stats":{"minecraft:used":{"rotted:visceric_knife":12,"minecraft:gray_stained_glass_pane":2,"rotted:farmer_spawn_egg":1,"rotted:shielder_spawn_egg":1,"minecraft:netherite_chestplate":1,"rotted:flusk_spawn_egg":1,"minecraft:spruce_planks":1,"rotted:adventurer_spawn_egg":1,"minecraft:netherite_boots":1,"ecologics:coconut_slice":1,"minecraft:torch":2,"hs_bosses:sand_sword_test":100,"minecraft:red_carpet":1,"rotted:miner_spawn_egg":1,"minecraft:netherite_leggings":1,"rotted:marine_spawn_egg":1,"minecraft:netherite_helmet":1,"rotted:doctor_spawn_egg":1,"alexscaves:spawn_egg_nucleeper":1,"minecraft:book":1},"minecraft:killed":{"duckensinvasion:docile_archer":12,"duckensinvasion:docile_footsoldier":12,"duckensinvasion:docile_armoured_duck":4,"duckensinvasion:docileg_reatsword":10},"minecraft:dropped":{"collectorsalbum:common_azure_bluet_card":1,"ecologics:coconut_husk":1,"hs_bosses:sand_sword_test":1},"minecraft:picked_up":{"minecraft:stick":5,"ecologics:coconut_slice":22,"collectorsalbum:rare_card_package":1,"collectorsalbum:mythical_card_package":1,"minecraft:diamond":1,"collectorsalbum:common_azure_bluet_card":1,"minecraft:iron_ingot":3,"minecraft:iron_nugget":5,"collectorsalbum:common_card_package":5},"minecraft:custom":{"minecraft:time_since_rest":810,"enigmaticlegacy:play_time_with_seven_curses":0,"minecraft:sprint_one_cm":40544,"minecraft:damage_taken":472,"minecraft:walk_one_cm":51547,"minecraft:mob_kills":19,"minecraft:drop":3,"minecraft:damage_dealt":6459,"enigmaticlegacy:play_time_without_seven_curses":33113,"minecraft:fly_one_cm":361991,"minecraft:open_barrel":13,"minecraft:open_chest":26,"minecraft:crouch_one_cm":197,"minecraft:play_time":33235,"minecraft:deaths":1,"minecraft:sneak_time":851,"minecraft:jump":454,"minecraft:walk_on_water_one_cm":81,"minecraft:time_since_death":688,"minecraft:climb_one_cm":1963,"minecraft:total_world_time":33235,"minecraft:fall_one_cm":5008}},"DataVersion":3465}