{"stats":{"minecraft:used":{"alexscaves:spawn_egg_watcher":1,"rotted:visceric_knife":12,"alexscaves:spawn_egg_atlatitan":1,"minecraft:flint_and_steel":1,"alexscaves:spawn_egg_tremorzilla":2,"minecraft:netherite_chestplate":1,"alexscaves:spawn_egg_luxtructosaurus":1,"alexscaves:spawn_egg_relicheirus":1,"alexscaves:depth_charge":14,"minecraft:spruce_planks":1,"alexscaves:spawn_egg_vallumraptor":4,"alexscaves:spawn_egg_subterranodon":1,"celestisynth:aquaflora":16,"duckensinvasion:duckstatue_body":1,"alexscaves:spawn_egg_magnetron":1,"alexscaves:tremorzilla_egg":1,"minecraft:torch":2,"rotted:miner_spawn_egg":1,"valhelsia_structures:red_sleeping_bag":1,"minecraft:netherite_leggings":1,"ancientsand:parched_spawn_egg":1,"cataclysm:the_harbinger_spawn_egg":12,"valhelsia_structures:dungeon_door":1,"luminousworld:penguin_spawn_egg":1,"alexscaves:spawn_egg_corrodent":1,"rotted:marine_spawn_egg":1,"alexscaves:spawn_egg_underzealot":1,"ancientsand:mourner_spawn_egg":1,"minecraft:netherite_helmet":1,"rotted:doctor_spawn_egg":1,"alexscaves:spawn_egg_nucleeper":1,"alexscaves:spawn_egg_teletor":1,"minecraft:book":1,"minecraft:milk_bucket":1,"alexscaves:spawn_egg_trilocaris":1,"luminousworld:savannah_skeleton_spawn_egg":1,"alexscaves:submarine":1,"alexscaves:spawn_egg_tremorsaurus":1,"luminousworld:zebra_spawn_egg":1,"minecraft:gray_stained_glass_pane":2,"rotted:farmer_spawn_egg":1,"goblins_tyranny:gold_cave_goblin_spawn_egg":2,"valhelsia_structures:explorers_tent":2,"rotted:shielder_spawn_egg":1,"alexscaves:spawn_egg_forsaken":9,"rotted:flusk_spawn_egg":1,"valhelsia_structures:oak_post":4,"alexscaves:spawn_egg_grottoceratops":1,"alexscaves:spawn_egg_boundroid":1,"rotted:adventurer_spawn_egg":1,"alexscaves:spawn_egg_raycat":1,"minecraft:netherite_boots":1,"ecologics:coconut_slice":1,"hs_bosses:sand_sword_test":100,"minecraft:red_carpet":1,"valhelsia_structures:lapidified_jungle_planks":16,"alexscaves:spawn_egg_notor":1,"alexscaves:spawn_egg_gloomoth":1,"luminousworld:savannah_zombie_spawn_egg":1,"luminousworld:palm_sapling":6,"alexscaves:nuclear_bomb":1,"celestisynth:frostbound":41,"valhelsia_structures:brazier":2,"cataclysm:the_leviathan_spawn_egg":1},"minecraft:killed":{"royalvariations:royal_creeper":2,"duckensinvasion:docile_footsoldier":12,"duckensinvasion:docile_armoured_duck":4,"alexscaves:boundroid":2,"alexscaves:magnetron":2,"duckensinvasion:docile_archer":12,"duckensinvasion:docileg_reatsword":10,"alexscaves:luxtructosaurus":2,"alexscaves:teletor":2,"alexscaves:notor":2},"minecraft:dropped":{"collectorsalbum:epic_acacia_sapling_card":1,"collectorsalbum:rare_emerald_card":1,"collectorsalbum:mythical_diamond_leggings_card":1,"collectorsalbum:epic_stone_shovel_card":1,"collectorsalbum:legendary_dandelion_card":1,"collectorsalbum:legendary_golden_shovel_card":1,"collectorsalbum:epic_jungle_sapling_card":1,"collectorsalbum:legendary_blaze_powder_card":1,"collectorsalbum:rare_coal_card":1,"collectorsalbum:mythical_panda_card":1,"collectorsalbum:rare_poppy_card":1,"cataclysm:tidal_claws":1,"collectorsalbum:common_azure_bluet_card":1,"collectorsalbum:epic_diamond_horse_armor_card":1,"ecologics:coconut_husk":1,"collectorsalbum:epic_bell_card":1,"cataclysm:abyssal_egg":2,"minecraft:beef":1,"collectorsalbum:mythical_golden_axe_card":1,"hs_bosses:sand_sword_test":1,"luminousworld:decorativesworddiamond_1":1,"collectorsalbum:rare_blaze_powder_card":1,"cataclysm:witherite_block":3},"minecraft:picked_up":{"luminousworld:groundpebbles_1":1,"valhelsia_structures:red_sleeping_bag":2,"minecraft:feather":7,"minecraft:golden_carrot":1,"minecraft:clay_ball":28,"luminousworld:ishstone":7,"immersive_weathering:sandy_dirt":7,"minecraft:potato":1,"alexscaves:heavyweight":1,"minecraft:flint":1,"alexscaves:tectonic_shard":5,"alexscaves:spawn_egg_watcher":1,"alexscaves:spawn_egg_corrodent":1,"quark:limestone":4,"minecraft:dirt":3,"minecraft:moss_carpet":1,"alexscaves:pure_darkness":70,"collectorsalbum:mythical_card_package":3,"alexscaves:dinosaur_chop":4,"minecraft:apple":1,"minecraft:beetroot":1,"minecraft:kelp":1,"collectorsalbum:common_azure_bluet_card":1,"minecraft:iron_ingot":3,"minecraft:beef":1,"cataclysm:abyssal_egg":2,"minecraft:iron_nugget":5,"minecraft:enchanted_golden_apple":1,"minecraft:melon_slice":1,"ecologics:crab_claw":2,"minecraft:stick":5,"minecraft:sandstone":295,"ecologics:coconut_slice":24,"luminousworld:tall_birch_sapling":1,"cataclysm:witherite_block":3,"minecraft:poisonous_potato":1,"minecraft:gravel":3,"alexscaves:heavy_bone":11,"collectorsalbum:uncommon_card_package":1,"minecraft:sand":210,"minecraft:dried_kelp":1,"minecraft:diorite":16,"minecraft:carrot":1,"collectorsalbum:rare_card_package":1,"minecraft:mossy_cobblestone":1,"alexscaves:occult_gem":1,"alexscaves:spawn_egg_gloomoth":1,"cataclysm:tidal_claws":2,"alexscaves:dark_tatters":3,"minecraft:diamond":1,"minecraft:tropical_fish":1,"wildernature:pelican_meat":6,"ecologics:coconut_log":5,"minecraft:granite":65,"minecraft:bone_meal":2,"minecraft:golden_apple":1,"alexscaves:spawn_egg_underzealot":1,"minecraft:baked_potato":1,"minecraft:chorus_fruit":1,"minecraft:coal":4,"minecraft:cod":15,"collectorsalbum:common_card_package":5,"minecraft:cobblestone":814},"minecraft:custom":{"enigmaticlegacy:play_time_with_seven_curses":0,"minecraft:mob_kills":25,"enigmaticlegacy:play_time_without_seven_curses":57035,"minecraft:open_barrel":13,"minecraft:time_since_death":2543,"minecraft:climb_one_cm":2157,"minecraft:time_since_rest":2568,"minecraft:sprint_one_cm":42571,"minecraft:damage_taken":472,"minecraft:walk_one_cm":91457,"minecraft:drop":26,"minecraft:damage_dealt":10165,"minecraft:swim_one_cm":1206,"minecraft:fly_one_cm":507986,"minecraft:open_chest":26,"minecraft:crouch_one_cm":355,"minecraft:play_time":57235,"minecraft:deaths":4,"minecraft:sneak_time":1376,"minecraft:walk_under_water_one_cm":1951,"minecraft:jump":543,"minecraft:walk_on_water_one_cm":2653,"minecraft:total_world_time":57235,"minecraft:fall_one_cm":5008}},"DataVersion":3465}