{"stats":{"minecraft:used":{"ecologics:coconut_slice":1,"alexscaves:spawn_egg_nucleeper":1},"minecraft:dropped":{"ecologics:coconut_husk":1},"minecraft:picked_up":{"minecraft:stick":5,"ecologics:coconut_slice":22},"minecraft:custom":{"minecraft:jump":170,"minecraft:time_since_rest":9235,"enigmaticlegacy:play_time_with_seven_curses":0,"minecraft:sprint_one_cm":13594,"minecraft:play_time":9235,"minecraft:time_since_death":9235,"minecraft:walk_one_cm":15955,"enigmaticlegacy:play_time_without_seven_curses":9235,"minecraft:total_world_time":9235,"minecraft:drop":1,"minecraft:fall_one_cm":3520,"minecraft:fly_one_cm":27975,"minecraft:open_barrel":2}},"DataVersion":3465}