{"stats":{"minecraft:used":{"cataclysm:coral_golem_spawn_egg":1,"enigmaticlegacy:etherium_boots":1,"rotted:visceric_knife":12,"alexscaves:spawn_egg_watcher":1,"alexscaves:spawn_egg_atlatitan":1,"minecraft:flint_and_steel":1,"wildernature:cassowary_spawn_egg":1,"alexscaves:spawn_egg_tremorzilla":2,"cataclysm:deepling_priest_spawn_egg":1,"alexscaves:spawn_egg_luxtructosaurus":1,"alexscaves:spawn_egg_relicheirus":1,"wildernature:dog_spawn_egg":1,"cataclysm:ender_golem_spawn_egg":1,"minecraft:spruce_planks":1,"alexscaves:spawn_egg_vallumraptor":4,"alexscaves:spawn_egg_subterranodon":1,"wildernature:flamingo_spawn_egg":1,"celestisynth:aquaflora":16,"alexscaves:spawn_egg_magnetron":1,"duckensinvasion:duckstatue_body":1,"minecraft:torch":2,"rotted:miner_spawn_egg":1,"valhelsia_structures:red_sleeping_bag":1,"cataclysm:amethyst_crab_spawn_egg":1,"cataclysm:deepling_angler_spawn_egg":1,"ancientsand:parched_spawn_egg":1,"cataclysm:the_harbinger_spawn_egg":12,"alexscaves:spawn_egg_corrodent":1,"rotted:doctor_spawn_egg":10,"alexscaves:spawn_egg_underzealot":1,"alexscaves:spawn_egg_nucleeper":1,"enigmaticlegacy:etherium_chestplate":1,"wildernature:hedgehog_spawn_egg":1,"minecraft:milk_bucket":1,"alexscaves:spawn_egg_teletor":1,"wildernature:boar_spawn_egg":1,"cataclysm:deepling_warlock_spawn_egg":1,"alexscaves:spawn_egg_tremorsaurus":1,"rotted:farmer_spawn_egg":1,"valhelsia_structures:explorers_tent":2,"rotted:shielder_spawn_egg":1,"alexscaves:submarine":1,"alexscaves:spawn_egg_forsaken":9,"rotted:flusk_spawn_egg":1,"valhelsia_structures:oak_post":4,"alexscaves:spawn_egg_grottoceratops":1,"alexscaves:spawn_egg_raycat":1,"minecraft:netherite_boots":1,"minecraft:red_carpet":1,"cataclysm:nameless_sorcerer_spawn_egg":1,"cataclysm:deepling_brute_spawn_egg":1,"luminousworld:savannah_zombie_spawn_egg":1,"enigmaticlegacy:etherium_leggings":1,"luminousworld:palm_sapling":6,"valhelsia_structures:brazier":2,"cataclysm:the_leviathan_spawn_egg":1,"minecraft:netherite_chestplate":1,"wildernature:deer_spawn_egg":1,"alexscaves:depth_charge":143,"cataclysm:lionfish_spawn_egg":2,"alexscaves:tremorzilla_egg":1,"minecraft:netherite_leggings":1,"valhelsia_structures:dungeon_door":1,"wildernature:owl_spawn_egg":1,"wildernature:penguin_spawn_egg":1,"rotted:marine_spawn_egg":1,"minecraft:netherite_helmet":1,"ancientsand:mourner_spawn_egg":1,"luminousworld:penguin_spawn_egg":1,"minecraft:book":1,"alexscaves:spawn_egg_trilocaris":1,"luminousworld:savannah_skeleton_spawn_egg":1,"minecraft:gray_stained_glass_pane":2,"luminousworld:zebra_spawn_egg":1,"goblins_tyranny:gold_cave_goblin_spawn_egg":2,"wildernature:turkey_spawn_egg":1,"minecraft:diamond_ore":18,"wildernature:bison_spawn_egg":1,"cataclysm:coralssus_spawn_egg":1,"alexscaves:spawn_egg_boundroid":1,"cataclysm:netherite_monstrosity_spawn_egg":1,"rotted:adventurer_spawn_egg":1,"ecologics:coconut_slice":1,"enigmaticlegacy:etherium_helmet":1,"hs_bosses:sand_sword_test":100,"wildernature:raccoon_spawn_egg":1,"valhelsia_structures:lapidified_jungle_planks":16,"alexscaves:spawn_egg_notor":1,"alexscaves:spawn_egg_gloomoth":1,"celestisynth:frostbound":41,"alexscaves:nuclear_bomb":1,"wildernature:red_wolf_spawn_egg":1},"minecraft:killed":{"royalvariations:royal_creeper":2,"duckensinvasion:docile_armoured_duck":4,"alexscaves:boundroid":2,"cataclysm:netherite_monstrosity":2,"rotted:doctor":18,"minecraft:cod":690,"cataclysm:amethyst_crab":2,"duckensinvasion:docile_archer":12,"duckensinvasion:docileg_reatsword":10,"minecraft:axolotl":6,"cataclysm:lionfish":6,"minecraft:tropical_fish":154,"cataclysm:ender_golem":2,"cataclysm:coral_golem":2,"alexscaves:teletor":2,"alexscaves:notor":2,"cataclysm:deepling_angler":2,"duckensinvasion:docile_footsoldier":12,"cataclysm:nameless_sorcerer":2,"rotted:farmer":2,"minecraft:salmon":2,"cataclysm:deepling_warlock":2,"alexscaves:magnetron":2,"cataclysm:deepling_brute":2,"minecraft:zombie":14,"cataclysm:deepling_priest":2,"alexscaves:luxtructosaurus":2,"cataclysm:coralssus":2},"minecraft:killed_by":{"minecraft:player":2},"minecraft:dropped":{"collectorsalbum:mythical_diamond_leggings_card":1,"collectorsalbum:epic_acacia_sapling_card":1,"collectorsalbum:rare_emerald_card":1,"collectorsalbum:epic_stone_shovel_card":1,"collectorsalbum:legendary_dandelion_card":1,"collectorsalbum:legendary_golden_shovel_card":1,"collectorsalbum:rare_coal_card":1,"collectorsalbum:rare_poppy_card":1,"enigmaticlegacy:the_judgement":2,"collectorsalbum:epic_diamond_horse_armor_card":1,"collectorsalbum:epic_bell_card":1,"collectorsalbum:mythical_golden_axe_card":1,"luminousworld:decorativesworddiamond_1":1,"collectorsalbum:rare_blaze_powder_card":1,"cataclysm:witherite_block":3,"collectorsalbum:epic_jungle_sapling_card":1,"collectorsalbum:legendary_blaze_powder_card":1,"collectorsalbum:mythical_panda_card":1,"cataclysm:tidal_claws":1,"collectorsalbum:common_azure_bluet_card":1,"ecologics:coconut_husk":1,"cataclysm:abyssal_egg":2,"minecraft:beef":1,"hs_bosses:sand_sword_test":1},"minecraft:picked_up":{"luminousworld:groundpebbles_1":1,"valhelsia_structures:red_sleeping_bag":2,"enigmaticlegacy:the_judgement":1,"minecraft:clay_ball":28,"alexscaves:tectonic_shard":5,"alexscaves:spawn_egg_corrodent":1,"alexscaves:spawn_egg_watcher":1,"minecraft:moss_carpet":1,"alexscaves:pure_darkness":70,"collectorsalbum:mythical_card_package":3,"alexscaves:dinosaur_chop":4,"minecraft:beetroot":1,"collectorsalbum:common_azure_bluet_card":1,"minecraft:beef":1,"minecraft:iron_nugget":5,"minecraft:enchanted_golden_apple":1,"minecraft:melon_slice":1,"ecologics:crab_claw":2,"minecraft:stick":5,"minecraft:sandstone":295,"ecologics:coconut_slice":24,"cataclysm:witherite_block":3,"alexscaves:heavy_bone":11,"minecraft:dried_kelp":1,"collectorsalbum:uncommon_card_package":1,"minecraft:diorite":16,"minecraft:carrot":1,"minecraft:prismarine_crystals":1,"minecraft:tropical_fish":1,"alexscaves:dark_tatters":3,"ecologics:coconut_log":5,"minecraft:cobblestone":814,"minecraft:cod":15,"collectorsalbum:common_card_package":6,"minecraft:feather":7,"minecraft:golden_carrot":1,"luminousworld:ishstone":7,"immersive_weathering:sandy_dirt":7,"minecraft:potato":1,"alexscaves:heavyweight":1,"minecraft:flint":1,"quark:limestone":4,"minecraft:dirt":3,"minecraft:apple":1,"minecraft:kelp":1,"minecraft:iron_ingot":3,"cataclysm:abyssal_egg":2,"luminousworld:tall_birch_sapling":1,"minecraft:poisonous_potato":1,"minecraft:gravel":3,"minecraft:sand":210,"collectorsalbum:rare_card_package":1,"minecraft:mossy_cobblestone":1,"alexscaves:occult_gem":1,"alexscaves:spawn_egg_gloomoth":1,"cataclysm:tidal_claws":2,"minecraft:diamond":1,"wildernature:pelican_meat":6,"minecraft:granite":65,"minecraft:bone_meal":2,"minecraft:golden_apple":1,"alexscaves:spawn_egg_underzealot":1,"minecraft:baked_potato":1,"minecraft:chorus_fruit":1,"minecraft:coal":4},"minecraft:custom":{"enigmaticlegacy:play_time_with_seven_curses":0,"minecraft:mob_kills":481,"minecraft:open_barrel":13,"minecraft:time_since_death":5339,"minecraft:climb_one_cm":2157,"minecraft:sprint_one_cm":43136,"minecraft:walk_one_cm":107121,"minecraft:drop":28,"minecraft:play_time":69235,"minecraft:deaths":7,"minecraft:sneak_time":1451,"minecraft:walk_under_water_one_cm":1951,"minecraft:jump":589,"minecraft:walk_on_water_one_cm":2653,"minecraft:total_world_time":69235,"enigmaticlegacy:play_time_without_seven_curses":68764,"minecraft:time_since_rest":5465,"minecraft:damage_taken":27112432,"minecraft:damage_absorbed":8040,"minecraft:damage_dealt":19599,"minecraft:swim_one_cm":1619,"minecraft:fly_one_cm":529308,"minecraft:open_chest":26,"minecraft:crouch_one_cm":355,"minecraft:fall_one_cm":5008}},"DataVersion":3465}